{
  "entei_pedestal_item": "legendarymonuments:entei_treat",
  "raikou_pedestal_item": "legendarymonuments:raikou_treat",
  "suicune_pedestal_item": "legendarymonuments:suicune_treat",
  "heatran_pedestal_item": "legendarymonuments:magma_stone",
  "hooh_pedestal_item": "legendarymonuments:rainbow_feather",
  "latias_pedestal_item": "legendarymonuments:latias_treat",
  "latios_pedestal_item": "legendarymonuments:latios_treat",
  "lugia_pedestal_item": "legendarymonuments:vortex_stone",
  "regice_pedestal_item": "legendarymonuments:regiglace",
  "regirock_pedestal_item": "legendarymonuments:registone",
  "registeel_pedestal_item": "legendarymonuments:regimetal",
  "regigigas_pedestal_item": "legendarymonuments:regigigassoul",
  "regieleki_pedestal_item": "legendarymonuments:regivolt",
  "regidrago_pedestal_item": "legendarymonuments:regidrac",
  "hoopa_pedestal_first_item": "legendarymonuments:temple_key",
  "hoopa_pedestal_second_item": "mega_showdown:prison_bottle",
  "zekrom_pedestal_first_item": "legendarymonuments:darkstone",
  "zekrom_pedestal_second_item": "cobblemon:electric_gem",
  "reshiram_pedestal_first_item": "legendarymonuments:lightstone",
  "reshiram_pedestal_second_item": "cobblemon:fire_gem",
  "kyurem_pedestal_first_item": "legendarymonuments:truthbottle",
  "kyurem_pedestal_second_item": "legendarymonuments:idealsbottle",
  "zacian_pedestal_first_item": "minecraft:totem_of_undying",
  "zacian_pedestal_second_item": "mega_showdown:rusted_sword",
  "zamazenta_pedestal_first_item": "minecraft:totem_of_undying",
  "zamazenta_pedestal_second_item": "mega_showdown:rusted_shield"
}
