{
  "fabric-loader-0.17.2.jar (modloader)": {
    "jarName": "fabric-loader-0.17.2.jar (modloader)",
    "modId": "fabric",
    "version": "fabric-loader-0.17.2.jar"
  },
  "accessories-fabric-1.1.0-beta.48+1.21.1.jar": {
    "jarName": "accessories-fabric-1.1.0-beta.48+1.21.1.jar",
    "modId": "accessories",
    "version": "1.1.0-beta.48+1.21.1"
  },
  "amendments-1.21-1.2.24-fabric.jar": {
    "jarName": "amendments-1.21-1.2.24-fabric.jar",
    "modId": "amendments",
    "version": "1.21-1.2.24"
  },
  "architectury-13.0.8-fabric.jar": {
    "jarName": "architectury-13.0.8-fabric.jar",
    "modId": "architectury",
    "version": "13.0.8"
  },
  "athena-fabric-1.21-4.0.2.jar": {
    "jarName": "athena-fabric-1.21-4.0.2.jar",
    "modId": "athena",
    "version": "4.0.2"
  },
  "badgebox-fabric-1.3.0.jar": {
    "jarName": "badgebox-fabric-1.3.0.jar",
    "modId": "badgebox",
    "version": "1.1.1"
  },
  "BadOptimizations-2.3.0-1.21.1.jar": {
    "jarName": "BadOptimizations-2.3.0-1.21.1.jar",
    "modId": "badoptimizations",
    "version": "2.3.0"
  },
  "berrypouch-fabric-1.21.1-0.4.2-beta.jar": {
    "jarName": "berrypouch-fabric-1.21.1-0.4.2-beta.jar",
    "modId": "berrypouch",
    "version": "0.4.2-beta"
  },
  "BiomesOPlenty-fabric-1.21.1-21.1.0.12.jar": {
    "jarName": "BiomesOPlenty-fabric-1.21.1-21.1.0.12.jar",
    "modId": "biomesoplenty",
    "version": "21.1.0.12"
  },
  "bookshelf-fabric-1.21.1-21.1.67.jar": {
    "jarName": "bookshelf-fabric-1.21.1-21.1.67.jar",
    "modId": "bookshelf",
    "version": "21.1.67"
  },
  "c2me-fabric-mc1.21.1-0.3.0+alpha.0.320.jar": {
    "jarName": "c2me-fabric-mc1.21.1-0.3.0+alpha.0.320.jar",
    "modId": "c2me",
    "version": "0.3.0+alpha.0.320+1.21.1"
  },
  "carryon-fabric-1.21.1-2.2.2.11.jar": {
    "jarName": "carryon-fabric-1.21.1-2.2.2.11.jar",
    "modId": "carryon",
    "version": "2.2.2"
  },
  "chipped-fabric-1.21.1-4.0.2.jar": {
    "jarName": "chipped-fabric-1.21.1-4.0.2.jar",
    "modId": "chipped",
    "version": "4.0.2"
  },
  "chunksfadein-fabric-2.0.3-1.21.jar": {
    "jarName": "chunksfadein-fabric-2.0.3-1.21.jar",
    "modId": "chunksfadein",
    "version": "2.0.3-1.21"
  },
  "cloth-config-15.0.140-fabric.jar": {
    "jarName": "cloth-config-15.0.140-fabric.jar",
    "modId": "cloth-config",
    "version": "15.0.140"
  },
  "Clumps-fabric-1.21.1-19.0.0.1.jar": {
    "jarName": "Clumps-fabric-1.21.1-19.0.0.1.jar",
    "modId": "clumps",
    "version": "19.0.0.1"
  },
  "CobbleDollars-fabric-2.0.0+Beta-5.1+1.21.1.jar": {
    "jarName": "CobbleDollars-fabric-2.0.0+Beta-5.1+1.21.1.jar",
    "modId": "cobbledollars",
    "version": "2.0.0+Beta-5.1+1.21.1"
  },
  "CobbleFurnies-fabric-0.6.3.jar": {
    "jarName": "CobbleFurnies-fabric-0.6.3.jar",
    "modId": "cobblefurnies",
    "version": "0.6.3"
  },
  "cobblemon-additions-3.9.2.jar": {
    "jarName": "cobblemon-additions-3.9.2.jar",
    "modId": "bca",
    "version": "3.9.2"
  },
  "cobblemon-additions-CDI-3.9.2.jar": {
    "jarName": "cobblemon-additions-CDI-3.9.2.jar",
    "modId": "bca",
    "version": "3.9.2"
  },
  "cobblemon-counter-1.6-fabric-1.5.0.jar": {
    "jarName": "cobblemon-counter-1.6-fabric-1.5.0.jar",
    "modId": "cobblemon_counter",
    "version": "1.6-fabric-1.5.0"
  },
  "Cobblemon-fabric-1.6.1+1.21.1.jar": {
    "jarName": "Cobblemon-fabric-1.6.1+1.21.1.jar",
    "modId": "cobblemon",
    "version": "1.6.1+1.21.1"
  },
  "cobblemon-spawn-notification-1.6-fabric-1.3.8.jar": {
    "jarName": "cobblemon-spawn-notification-1.6-fabric-1.3.8.jar",
    "modId": "cobblemon_spawn_notification",
    "version": "1.6-fabric-1.3.8"
  },
  "cobblemon-unchained-1.6-fabric-1.2.3.jar": {
    "jarName": "cobblemon-unchained-1.6-fabric-1.2.3.jar",
    "modId": "cobblemon_unchained",
    "version": "1.6-fabric-1.2.3"
  },
  "Cobblemon_MegaShowdown-10.0.6-release-fabric.jar": {
    "jarName": "Cobblemon_MegaShowdown-10.0.6-release-fabric.jar",
    "modId": "mega_showdown",
    "version": "10.0.6-release-fabric"
  },
  "cobblemon_quests-[1.21.1]-fabric-1.1.14.jar": {
    "jarName": "cobblemon_quests-[1.21.1]-fabric-1.1.14.jar",
    "modId": "cobblemon_quests",
    "version": "1.1.14"
  },
  "cobblemonintegrations-fabric-1.21.1-1.1.3.jar": {
    "jarName": "cobblemonintegrations-fabric-1.21.1-1.1.3.jar",
    "modId": "cobblemonintegrations",
    "version": "1.1.3"
  },
  "cobbleride-fabric-0.3.3+1.21.1.jar": {
    "jarName": "cobbleride-fabric-0.3.3+1.21.1.jar",
    "modId": "cobbleride",
    "version": "0.3.3+1.21.1"
  },
  "cobgyms-fabric-3.0.1+1.21.1.jar": {
    "jarName": "cobgyms-fabric-3.0.1+1.21.1.jar",
    "modId": "cobgyms",
    "version": "3.0.1"
  },
  "comforts-fabric-9.0.4+1.21.1.jar": {
    "jarName": "comforts-fabric-9.0.4+1.21.1.jar",
    "modId": "comforts",
    "version": "9.0.4+1.21.1"
  },
  "connectedglass-1.1.14-fabric-mc1.21.jar": {
    "jarName": "connectedglass-1.1.14-fabric-mc1.21.jar",
    "modId": "connectedglass",
    "version": "1.1.14"
  },
  "connectivity-fabric-1.21-7.1.jar": {
    "jarName": "connectivity-fabric-1.21-7.1.jar",
    "modId": "connectivity",
    "version": "1.21-7.1"
  },
  "continuity-3.0.0+1.21.jar": {
    "jarName": "continuity-3.0.0+1.21.jar",
    "modId": "continuity",
    "version": "3.0.0+1.21"
  },
  "Controlling-fabric-1.21.1-19.0.5.jar": {
    "jarName": "Controlling-fabric-1.21.1-19.0.5.jar",
    "modId": "controlling",
    "version": "19.0.5"
  },
  "CrashAssistant-fabric-1.19-1.21.4-1.9.15.jar": {
    "jarName": "CrashAssistant-fabric-1.19-1.21.4-1.9.15.jar",
    "modId": "crash_assistant",
    "version": "1.9.15"
  },
  "cupboard-fabric-1.21-2.9.jar": {
    "jarName": "cupboard-fabric-1.21-2.9.jar",
    "modId": "cupboard",
    "version": "1.21-2.9"
  },
  "display_case-fabric-1.21.1-1.2.jar": {
    "jarName": "display_case-fabric-1.21.1-1.2.jar",
    "modId": "display_case",
    "version": "1.2"
  },
  "durabilitytooltip-1.1.6-fabric-mc1.21.jar": {
    "jarName": "durabilitytooltip-1.1.6-fabric-mc1.21.jar",
    "modId": "durabilitytooltip",
    "version": "1.1.6"
  },
  "enchdesc-fabric-1.21.1-21.1.7.jar": {
    "jarName": "enchdesc-fabric-1.21.1-21.1.7.jar",
    "modId": "enchdesc",
    "version": "21.1.7"
  },
  "entity_model_features_fabric_1.21.1-2.4.1.jar": {
    "jarName": "entity_model_features_fabric_1.21.1-2.4.1.jar",
    "modId": "entity_model_features",
    "version": "2.4.1"
  },
  "entity_texture_features_fabric_1.21.1-6.2.9.jar": {
    "jarName": "entity_texture_features_fabric_1.21.1-6.2.9.jar",
    "modId": "entity_texture_features",
    "version": "6.2.9"
  },
  "fabric-api-0.116.5+1.21.1.jar": {
    "jarName": "fabric-api-0.116.5+1.21.1.jar",
    "modId": "fabric-api",
    "version": "0.116.5+1.21.1"
  },
  "fabric-language-kotlin-1.13.4+kotlin.2.2.0.jar": {
    "jarName": "fabric-language-kotlin-1.13.4+kotlin.2.2.0.jar",
    "modId": "fabric-language-kotlin",
    "version": "1.13.4+kotlin.2.2.0"
  },
  "FastItemFrames-v21.1.4-1.21.1-Fabric.jar": {
    "jarName": "FastItemFrames-v21.1.4-1.21.1-Fabric.jar",
    "modId": "fastitemframes",
    "version": "21.1.4"
  },
  "fastpaintings-1.21-1.3.0-fabric.jar": {
    "jarName": "fastpaintings-1.21-1.3.0-fabric.jar",
    "modId": "fastpaintings",
    "version": "1.21-1.3.0"
  },
  "ferritecore-7.0.2-hotfix-fabric.jar": {
    "jarName": "ferritecore-7.0.2-hotfix-fabric.jar",
    "modId": "ferritecore",
    "version": "7.0.2-hotfix"
  },
  "fireworkcapsules-fabric-1.0.0+1.21.1.jar": {
    "jarName": "fireworkcapsules-fabric-1.0.0+1.21.1.jar",
    "modId": "fireworkcapsules",
    "version": "1.0.0+1.21.1"
  },
  "ForgeConfigAPIPort-v21.1.4-1.21.1-Fabric.jar": {
    "jarName": "ForgeConfigAPIPort-v21.1.4-1.21.1-Fabric.jar",
    "modId": "forgeconfigapiport",
    "version": "21.1.4"
  },
  "framework-fabric-1.21.1-0.9.6.jar": {
    "jarName": "framework-fabric-1.21.1-0.9.6.jar",
    "modId": "framework",
    "version": "0.9.6"
  },
  "ftb-essentials-fabric-2101.1.6.jar": {
    "jarName": "ftb-essentials-fabric-2101.1.6.jar",
    "modId": "ftbessentials",
    "version": "2101.1.6"
  },
  "ftb-library-fabric-2101.1.18.jar": {
    "jarName": "ftb-library-fabric-2101.1.18.jar",
    "modId": "ftblibrary",
    "version": "2101.1.18"
  },
  "ftb-quests-fabric-2101.1.13.jar": {
    "jarName": "ftb-quests-fabric-2101.1.13.jar",
    "modId": "ftbquests",
    "version": "2101.1.13"
  },
  "ftb-teams-fabric-2101.1.2.jar": {
    "jarName": "ftb-teams-fabric-2101.1.2.jar",
    "modId": "ftbteams",
    "version": "2101.1.2"
  },
  "fusion-1.2.10-fabric-mc1.21.jar": {
    "jarName": "fusion-1.2.10-fabric-mc1.21.jar",
    "modId": "fusion",
    "version": "1.2.10"
  },
  "fzzy_config-0.7.2+1.21.jar": {
    "jarName": "fzzy_config-0.7.2+1.21.jar",
    "modId": "fzzy_config",
    "version": "0.7.2+1.21"
  },
  "gachamachine-1.1.1.jar": {
    "jarName": "gachamachine-1.1.1.jar",
    "modId": "gachamachine",
    "version": "1.1.1"
  },
  "geckolib-fabric-1.21.1-4.7.6.jar": {
    "jarName": "geckolib-fabric-1.21.1-4.7.6.jar",
    "modId": "geckolib",
    "version": "4.7.6"
  },
  "GlitchCore-fabric-1.21.1-2.1.0.0.jar": {
    "jarName": "GlitchCore-fabric-1.21.1-2.1.0.0.jar",
    "modId": "glitchcore",
    "version": "2.1.0.0"
  },
  "handcrafted-fabric-1.21.1-4.0.3.jar": {
    "jarName": "handcrafted-fabric-1.21.1-4.0.3.jar",
    "modId": "handcrafted",
    "version": "4.0.3"
  },
  "ImmediatelyFast-Fabric-1.6.6+1.21.1.jar": {
    "jarName": "ImmediatelyFast-Fabric-1.6.6+1.21.1.jar",
    "modId": "immediatelyfast",
    "version": "1.6.6+1.21.1"
  },
  "immersive_paintings-fabric-1.21.1-0.7.3.jar": {
    "jarName": "immersive_paintings-fabric-1.21.1-0.7.3.jar",
    "modId": "immersive_paintings",
    "version": "0.7.3"
  },
  "iris-fabric-1.8.8+mc1.21.1.jar": {
    "jarName": "iris-fabric-1.8.8+mc1.21.1.jar",
    "modId": "iris",
    "version": "1.8.8+mc1.21.1"
  },
  "Jade-1.21.1-Fabric-15.10.2.jar": {
    "jarName": "Jade-1.21.1-Fabric-15.10.2.jar",
    "modId": "jade",
    "version": "15.10.2+fabric"
  },
  "justzoom_fabric_2.1.0_MC_1.21.1.jar": {
    "jarName": "justzoom_fabric_2.1.0_MC_1.21.1.jar",
    "modId": "justzoom",
    "version": "2.1.0"
  },
  "konkrete_fabric_1.9.9_MC_1.21.jar": {
    "jarName": "konkrete_fabric_1.9.9_MC_1.21.jar",
    "modId": "konkrete",
    "version": "1.9.9"
  },
  "LeavesBeGone-v21.1.0-1.21.1-Fabric.jar": {
    "jarName": "LeavesBeGone-v21.1.0-1.21.1-Fabric.jar",
    "modId": "leavesbegone",
    "version": "21.1.0"
  },
  "LegendaryMonuments-6.3.jar": {
    "jarName": "LegendaryMonuments-6.3.jar",
    "modId": "legendarymonuments",
    "version": "6.3"
  },
  "lithium-fabric-0.15.0+mc1.21.1.jar": {
    "jarName": "lithium-fabric-0.15.0+mc1.21.1.jar",
    "modId": "lithium",
    "version": "0.15.0+mc1.21.1"
  },
  "mcw-doors-1.1.2-mc1.21.1fabric.jar": {
    "jarName": "mcw-doors-1.1.2-mc1.21.1fabric.jar",
    "modId": "mcwdoors",
    "version": "1.1.2"
  },
  "mcw-furniture-3.3.0-mc1.21.1fabric.jar": {
    "jarName": "mcw-furniture-3.3.0-mc1.21.1fabric.jar",
    "modId": "mcwfurnitures",
    "version": "3.3.0"
  },
  "mcw-windows-2.4.0-1.21.1fabric.jar": {
    "jarName": "mcw-windows-2.4.0-1.21.1fabric.jar",
    "modId": "mcwwindows",
    "version": "2.4.0"
  },
  "MobsBeGone-0.0.7.jar": {
    "jarName": "MobsBeGone-0.0.7.jar",
    "modId": "mobsbegone",
    "version": "0.0.7"
  },
  "modernfix-fabric-5.24.3+mc1.21.1.jar": {
    "jarName": "modernfix-fabric-5.24.3+mc1.21.1.jar",
    "modId": "modernfix",
    "version": "5.24.3+mc1.21.1"
  },
  "modmenu-11.0.3.jar": {
    "jarName": "modmenu-11.0.3.jar",
    "modId": "modmenu",
    "version": "11.0.3"
  },
  "moonlight-1.21-2.20.7-fabric.jar": {
    "jarName": "moonlight-1.21-2.20.7-fabric.jar",
    "modId": "moonlight",
    "version": "1.21-2.20.7"
  },
  "MouseTweaks-fabric-mc1.21-2.26.jar": {
    "jarName": "MouseTweaks-fabric-mc1.21-2.26.jar",
    "modId": "mousetweaks",
    "version": "2.26"
  },
  "MythsAndLegends-fabric-1.7.2.jar": {
    "jarName": "MythsAndLegends-fabric-1.7.2.jar",
    "modId": "mythsandlegends",
    "version": "1.7.2"
  },
  "NaturesCompass-1.21.1-2.2.7-fabric.jar": {
    "jarName": "NaturesCompass-1.21.1-2.2.7-fabric.jar",
    "modId": "naturescompass",
    "version": "1.21.1-2.2.7-fabric"
  },
  "Necronomicon-Fabric-1.6.0+1.21.jar": {
    "jarName": "Necronomicon-Fabric-1.6.0+1.21.jar",
    "modId": "necronomicon",
    "version": "1.6.0"
  },
  "noisium-fabric-2.3.0+mc1.21-1.21.1.jar": {
    "jarName": "noisium-fabric-2.3.0+mc1.21-1.21.1.jar",
    "modId": "noisium",
    "version": "2.3.0+mc1.21-1.21.1"
  },
  "Not Enough Recipe Book-FABRIC-0.4.2+1.21.jar": {
    "jarName": "Not Enough Recipe Book-FABRIC-0.4.2+1.21.jar",
    "modId": "nerb",
    "version": "0.4.2"
  },
  "OctoLib-FABRIC-0.5.0.1.jar": {
    "jarName": "OctoLib-FABRIC-0.5.0.1.jar",
    "modId": "octolib",
    "version": "0.5.0.1"
  },
  "owo-lib-0.12.15.4+1.21.jar": {
    "jarName": "owo-lib-0.12.15.4+1.21.jar",
    "modId": "owo",
    "version": "0.12.15.4+1.21"
  },
  "Paxi-1.21.1-Fabric-5.1.3.jar": {
    "jarName": "Paxi-1.21.1-Fabric-5.1.3.jar",
    "modId": "paxi",
    "version": "1.21.1-Fabric-5.1.3"
  },
  "placeholder-api-2.4.2+1.21.jar": {
    "jarName": "placeholder-api-2.4.2+1.21.jar",
    "modId": "placeholder-api",
    "version": "2.4.2+1.21"
  },
  "polymorph-fabric-1.1.0+1.21.1.jar": {
    "jarName": "polymorph-fabric-1.1.0+1.21.1.jar",
    "modId": "polymorph",
    "version": "1.1.0+1.21.1"
  },
  "prickle-fabric-1.21.1-21.1.8.jar": {
    "jarName": "prickle-fabric-1.21.1-21.1.8.jar",
    "modId": "prickle",
    "version": "21.1.8"
  },
  "PuzzlesLib-v21.1.37-1.21.1-Fabric.jar": {
    "jarName": "PuzzlesLib-v21.1.37-1.21.1-Fabric.jar",
    "modId": "puzzleslib",
    "version": "21.1.37"
  },
  "rctapi-fabric-1.21.1-0.13.7-beta.jar": {
    "jarName": "rctapi-fabric-1.21.1-0.13.7-beta.jar",
    "modId": "rctapi",
    "version": "0.13.7-beta"
  },
  "rctmod-fabric-1.21.1-0.16.6-beta.jar": {
    "jarName": "rctmod-fabric-1.21.1-0.16.6-beta.jar",
    "modId": "rctmod",
    "version": "0.16.6-beta"
  },
  "rechiseled-1.1.6b-fabric-mc1.21.jar": {
    "jarName": "rechiseled-1.1.6b-fabric-mc1.21.jar",
    "modId": "rechiseled",
    "version": "1.1.6+b"
  },
  "reeses-sodium-options-fabric-1.8.3+mc1.21.4.jar": {
    "jarName": "reeses-sodium-options-fabric-1.8.3+mc1.21.4.jar",
    "modId": "reeses-sodium-options",
    "version": "1.8.3+mc1.21.4"
  },
  "refinedstorage-fabric-2.0.0-beta.8.jar": {
    "jarName": "refinedstorage-fabric-2.0.0-beta.8.jar",
    "modId": "refinedstorage",
    "version": "2.0.0-beta.8"
  },
  "refurbished_furniture-fabric-1.21.1-1.0.16.jar": {
    "jarName": "refurbished_furniture-fabric-1.21.1-1.0.16.jar",
    "modId": "refurbished_furniture",
    "version": "1.0.16"
  },
  "resourcefullib-fabric-1.21-3.0.12.jar": {
    "jarName": "resourcefullib-fabric-1.21-3.0.12.jar",
    "modId": "resourcefullib",
    "version": "3.0.12"
  },
  "RoughlyEnoughItems-16.0.799-fabric.jar": {
    "jarName": "RoughlyEnoughItems-16.0.799-fabric.jar",
    "modId": "roughlyenoughitems",
    "version": "16.0.799"
  },
  "Searchables-fabric-1.21.1-1.0.2.jar": {
    "jarName": "Searchables-fabric-1.21.1-1.0.2.jar",
    "modId": "searchables",
    "version": "1.0.2"
  },
  "sodium-fabric-0.6.13+mc1.21.1.jar": {
    "jarName": "sodium-fabric-0.6.13+mc1.21.1.jar",
    "modId": "sodium",
    "version": "0.6.13+mc1.21.1"
  },
  "sodiumdynamiclights-fabric-1.0.10-1.21.1.jar": {
    "jarName": "sodiumdynamiclights-fabric-1.0.10-1.21.1.jar",
    "modId": "sodiumdynamiclights",
    "version": "1.0.9"
  },
  "sodiumoptionsapi-fabric-1.0.10-1.21.1.jar": {
    "jarName": "sodiumoptionsapi-fabric-1.0.10-1.21.1.jar",
    "modId": "sodiumoptionsapi",
    "version": "1.0.10"
  },
  "sophisticatedbackpacks-1.21.1-3.23.4.3.106.jar": {
    "jarName": "sophisticatedbackpacks-1.21.1-3.23.4.3.106.jar",
    "modId": "sophisticatedbackpacks",
    "version": "1.21.1-3.23.4.3.106"
  },
  "sophisticatedcore-1.21.1-1.2.9.17.157.jar": {
    "jarName": "sophisticatedcore-1.21.1-1.2.9.17.157.jar",
    "modId": "sophisticatedcore",
    "version": "1.21.1-1.2.9.17.157"
  },
  "sophisticatedstorage-1.21.1-1.3.7.6.127.jar": {
    "jarName": "sophisticatedstorage-1.21.1-1.3.7.6.127.jar",
    "modId": "sophisticatedstorage",
    "version": "1.21.1-1.3.7.6.127"
  },
  "spark-1.10.109-fabric.jar": {
    "jarName": "spark-1.10.109-fabric.jar",
    "modId": "spark",
    "version": "1.10.109"
  },
  "sparsestructures-fabric-1.21.1-3.0.jar": {
    "jarName": "sparsestructures-fabric-1.21.1-3.0.jar",
    "modId": "sparsestructures",
    "version": "3.0"
  },
  "Storage Drawers-fabric-1.21.1-13.8.13.jar": {
    "jarName": "Storage Drawers-fabric-1.21.1-13.8.13.jar",
    "modId": "storagedrawers",
    "version": "13.8.13"
  },
  "supermartijn642configlib-1.1.8-fabric-mc1.21.jar": {
    "jarName": "supermartijn642configlib-1.1.8-fabric-mc1.21.jar",
    "modId": "supermartijn642configlib",
    "version": "1.1.8"
  },
  "supermartijn642corelib-1.1.18a-fabric-mc1.21.jar": {
    "jarName": "supermartijn642corelib-1.1.18a-fabric-mc1.21.jar",
    "modId": "supermartijn642corelib",
    "version": "1.1.18+a"
  },
  "supplementaries-1.21-3.4.4-fabric.jar": {
    "jarName": "supplementaries-1.21-3.4.4-fabric.jar",
    "modId": "supplementaries",
    "version": "1.21-3.4.4"
  },
  "TerraBlender-fabric-1.21.1-4.1.0.8.jar": {
    "jarName": "TerraBlender-fabric-1.21.1-4.1.0.8.jar",
    "modId": "terrablender",
    "version": "4.1.0.8"
  },
  "Terralith_1.21.x_v2.5.8.jar": {
    "jarName": "Terralith_1.21.x_v2.5.8.jar",
    "modId": "terralith",
    "version": "2.5.8"
  },
  "testmod-1.0.0.jar": {
    "jarName": "testmod-1.0.0.jar",
    "modId": "testmod",
    "version": "1.0.1"
  },
  "trinkets-3.10.0.jar": {
    "jarName": "trinkets-3.10.0.jar",
    "modId": "trinkets",
    "version": "3.10.0"
  },
  "twigs-4.0.0.jar": {
    "jarName": "twigs-4.0.0.jar",
    "modId": "twigs",
    "version": "4.0.0"
  },
  "VisualWorkbench-v21.1.1-1.21.1-Fabric.jar": {
    "jarName": "VisualWorkbench-v21.1.1-1.21.1-Fabric.jar",
    "modId": "visualworkbench",
    "version": "21.1.1"
  },
  "XaerosWorldMap_1.39.12_Fabric_1.21.jar": {
    "jarName": "XaerosWorldMap_1.39.12_Fabric_1.21.jar",
    "modId": "xaeroworldmap",
    "version": "1.39.12"
  },
  "xercapaint-1.21.1-1.0.1.jar": {
    "jarName": "xercapaint-1.21.1-1.0.1.jar",
    "modId": "xercapaint",
    "version": "1.21.1-1.0.1"
  },
  "YSNS-Fabric_Quilt-MC1.21-1.0.6.jar": {
    "jarName": "YSNS-Fabric_Quilt-MC1.21-1.0.6.jar",
    "modId": "ysns",
    "version": "1.0.6"
  },
  "YungsApi-1.21.1-Fabric-5.1.6.jar": {
    "jarName": "YungsApi-1.21.1-Fabric-5.1.6.jar",
    "modId": "yungsapi",
    "version": "1.21.1-Fabric-5.1.6"
  }
}